{
    "all_results": [
        {
            "features": [
                "N",
                "theta",
                "dt",
                "I"
            ],
            "best_params": {},
            "best_mae": 1.2258490527346613,
            "best_mape": 102037.59206939378
        }
    ],
    "best_result": {
        "features": [
            "N",
            "theta",
            "dt",
            "I"
        ],
        "best_params": {},
        "best_mae": 1.2258490527346613,
        "best_mape": 102037.59206939378
    }
}