{
    "all_results": [
        {
            "features": [
                "N",
                "theta",
                "dt",
                "I"
            ],
            "best_params": {},
            "best_mae": 417.63483152729924,
            "best_mape": 0.17955139111807755
        }
    ],
    "best_result": {
        "features": [
            "N",
            "theta",
            "dt",
            "I"
        ],
        "best_params": {},
        "best_mae": 417.63483152729924,
        "best_mape": 0.17955139111807755
    }
}