{
    "all_results": [
        {
            "features": [
                "N",
                "theta",
                "dt",
                "I"
            ],
            "best_params": {},
            "best_mae": 489.42089869654785,
            "best_mape": 20734.12831051359
        }
    ],
    "best_result": {
        "features": [
            "N",
            "theta",
            "dt",
            "I"
        ],
        "best_params": {},
        "best_mae": 489.42089869654785,
        "best_mape": 20734.12831051359
    }
}