{
    "all_results": [
        {
            "features": [
                "N",
                "theta",
                "dt",
                "I"
            ],
            "best_params": {},
            "best_mae": 1099120368.292759,
            "best_mape": 1071965530.6516769
        }
    ],
    "best_result": {
        "features": [
            "N",
            "theta",
            "dt",
            "I"
        ],
        "best_params": {},
        "best_mae": 1099120368.292759,
        "best_mape": 1071965530.6516769
    }
}