{
    "all_results": [
        {
            "features": [
                "N",
                "theta",
                "dt",
                "I"
            ],
            "best_params": {},
            "best_mae": 17147.196000546435,
            "best_mape": 109986.31354255238
        }
    ],
    "best_result": {
        "features": [
            "N",
            "theta",
            "dt",
            "I"
        ],
        "best_params": {},
        "best_mae": 17147.196000546435,
        "best_mape": 109986.31354255238
    }
}