{
    "all_results": [
        {
            "features": [
                "N",
                "theta",
                "dt",
                "I"
            ],
            "best_params": {},
            "best_mae": 851.0322638817663,
            "best_mape": 0.2374874643382013
        }
    ],
    "best_result": {
        "features": [
            "N",
            "theta",
            "dt",
            "I"
        ],
        "best_params": {},
        "best_mae": 851.0322638817663,
        "best_mape": 0.2374874643382013
    }
}