{
    "all_results": [
        {
            "features": [
                "N",
                "theta",
                "dt",
                "I"
            ],
            "best_params": {},
            "best_mae": 14159.926465420198,
            "best_mape": 620910.6663026611
        }
    ],
    "best_result": {
        "features": [
            "N",
            "theta",
            "dt",
            "I"
        ],
        "best_params": {},
        "best_mae": 14159.926465420198,
        "best_mape": 620910.6663026611
    }
}