{
    "all_results": [
        {
            "features": [
                "N",
                "theta",
                "dt",
                "I"
            ],
            "best_params": {
                "regressor__model__C": 1000000000
            },
            "best_mae": 16916.30345426692,
            "best_mape": 24306.195796475462
        }
    ],
    "best_result": {
        "features": [
            "N",
            "theta",
            "dt",
            "I"
        ],
        "best_params": {
            "regressor__model__C": 1000000000
        },
        "best_mae": 16916.30345426692,
        "best_mape": 24306.195796475462
    }
}