{
    "all_results": [
        {
            "features": [
                "N",
                "theta",
                "dt",
                "I"
            ],
            "best_params": {
                "regressor__model__C": 10000000
            },
            "best_mae": 16880.724438446705,
            "best_mape": 20981.261180836067
        }
    ],
    "best_result": {
        "features": [
            "N",
            "theta",
            "dt",
            "I"
        ],
        "best_params": {
            "regressor__model__C": 10000000
        },
        "best_mae": 16880.724438446705,
        "best_mape": 20981.261180836067
    }
}