{
    "n_pows": [
        2,
        3,
        4,
        5,
        6,
        7
    ],
    "token_arrays": {
        "Sorting": [
            0.030993119999999992,
            0.032638048,
            0.136477058,
            0.33343082999999996,
            0.78927439,
            5.587402699999998
        ],
        "Data-reordering": [
            0.007091456000000002,
            0.006281568,
            0.008034719999999999,
            0.018618148,
            0.11998871799999998,
            1.1928724899999994
        ],
        "Predict": [
            0.00496816,
            0.00392128,
            0.004514272,
            0.012299776,
            0.052738112,
            0.5320126199999998
        ],
        "Direct_gravity": [
            0,
            0,
            0,
            0,
            0,
            0
        ],
        "Tree-construction": [
            0.07641929000000001,
            0.07001708000000001,
            0.07872788600000005,
            0.10225370999999998,
            0.4831353900000002,
            4.3477527
        ],
        "setActiveGrpsFunc": [
            0.0001247679999999999,
            0.00012495999999999991,
            0.00012361599999999998,
            0.0002681280000000002,
            0.00016908799999999983,
            0.00018355199999999986
        ],
        "Memory": [
            0.00032787200000000027,
            0.00023014399999999978,
            0.00025718399999999993,
            0.00035795200000000014,
            0.013989600000000001,
            0.16087932999999974
        ],
        "Grav:": [
            7.573127670000001e-05,
            0.00024196341299999996,
            0.00243730229,
            0.04375956050000001,
            0.8553826340000001,
            12.47522628
        ],
        "Build:": [
            0.0019334182499999998,
            0.0020741008099999995,
            0.00420477702,
            0.00736502587,
            0.024370091899999998,
            0.19776444399999998
        ],
        "tPredCor:": [
            0.000321886771,
            0.00033792899500000007,
            0.0005317225800000001,
            0.0013518816909999997,
            0.004308475810000001,
            0.0413556072
        ],
        "Correct": [
            0.005668928000000002,
            0.005246335999999999,
            0.009783167999999998,
            0.029871039999999998,
            0.15771796000000005,
            1.7181003000000001
        ],
        "Energy": [
            0.004886688,
            0.005335008000000001,
            0.005844960000000001,
            0.011737632000000001,
            0.033539296,
            0.2940806500000001
        ],
        "TOTAL:": [
            1.68888,
            1.71273,
            1.71346,
            4.13159,
            56.9032,
            799.018
        ]
    }
}