{
    "n_pows": [
        2,
        3,
        4,
        5,
        6,
        7
    ],
    "token_arrays": {
        "Sorting": [
            0.028799296,
            0.03370153400000001,
            0.14774886400000004,
            0.29272498,
            0.8168652199999996,
            5.57249
        ],
        "Data-reordering": [
            0.006739072000000001,
            0.0069470719999999994,
            0.009056607999999999,
            0.017606524000000005,
            0.11931786800000001,
            1.1811273100000006
        ],
        "Predict": [
            0.0038589760000000005,
            0.003931424000000001,
            0.004630496,
            0.009781824,
            0.051991680000000005,
            0.5240212
        ],
        "Direct_gravity": [
            0,
            0,
            0,
            0,
            0,
            0
        ],
        "Tree-construction": [
            0.068996826,
            0.078542014,
            0.08129143599999998,
            0.09741032800000002,
            0.4819741,
            4.3441771
        ],
        "setActiveGrpsFunc": [
            0.00013587199999999988,
            0.00013491199999999992,
            0.00013647999999999994,
            0.0003628480000000004,
            0.00016262399999999988,
            0.0001976639999999999
        ],
        "Memory": [
            0.0002478399999999999,
            0.00026396799999999995,
            0.0002543999999999998,
            0.0005153599999999999,
            0.012273132000000015,
            0.10235807000000015
        ],
        "Grav:": [
            5.717753070000001e-05,
            0.000225747809,
            0.00139802984,
            0.0144551126,
            0.198602564,
            2.39681806
        ],
        "Build:": [
            0.0017601508500000003,
            0.00227526594,
            0.003967655760000001,
            0.00782332206,
            0.0246417336,
            0.19697403600000002
        ],
        "tPredCor:": [
            0.000264675853,
            0.000423314484,
            0.000401692889,
            0.000889149924,
            0.004205356279999999,
            0.0412188879
        ],
        "Correct": [
            0.005541695999999999,
            0.006738784,
            0.007936704000000001,
            0.024610400000000004,
            0.15759896,
            1.7135192
        ],
        "Energy": [
            0.004195039999999999,
            0.004871871999999999,
            0.005336448,
            0.008013855999999998,
            0.031906527999999997,
            0.2936383899999999
        ],
        "TOTAL:": [
            1.75504,
            1.78018,
            1.70502,
            2.36848,
            16.1995,
            174.183
        ]
    }
}