{
    "n_pows": [
        2,
        3,
        4,
        5,
        6,
        7
    ],
    "token_arrays": {
        "Sorting": [
            0.03253622400000001,
            0.03518585600000001,
            0.133371872,
            0.19124085000000005,
            0.8715353400000001,
            5.581193999999999
        ],
        "Data-reordering": [
            0.00787904,
            0.008528224000000001,
            0.007415999999999998,
            0.016819363999999996,
            0.13044179800000003,
            1.1819128200000004
        ],
        "Predict": [
            0.0038619839999999997,
            0.003960512,
            0.004220768000000001,
            0.009496512000000002,
            0.05370175599999998,
            0.5358966200000002
        ],
        "Direct_gravity": [
            0,
            0,
            0,
            0,
            0,
            0
        ],
        "Tree-construction": [
            0.08381204800000001,
            0.08436908200000004,
            0.071488106,
            0.08427254200000002,
            0.48110980000000014,
            4.3730155
        ],
        "setActiveGrpsFunc": [
            0.000135296,
            0.000135264,
            0.0001470719999999999,
            0.00011619199999999997,
            0.00014691199999999988,
            0.0001673599999999999
        ],
        "Memory": [
            0.0002582079999999999,
            0.000649088,
            0.00033299200000000027,
            0.0003262080000000003,
            0.012183312000000002,
            0.10905145200000012
        ],
        "Grav:": [
            7.562424320000001e-05,
            0.00022127869299999996,
            0.0009371307130000001,
            0.007513674600000001,
            0.092323718,
            1.0568035960000002
        ],
        "Build:": [
            0.00229727994,
            0.0025725713099999997,
            0.00384108596,
            0.00534641513,
            0.025595437800000002,
            0.198422265
        ],
        "tPredCor:": [
            0.000313157359,
            0.000356298243,
            0.00045399500100000006,
            0.0008762792259999997,
            0.0042051773300000005,
            0.0411916232
        ],
        "Correct": [
            0.006286431999999998,
            0.006640415999999999,
            0.008747264,
            0.02298208,
            0.15633877999999993,
            1.695777899999999
        ],
        "Energy": [
            0.004485055999999999,
            0.004974239999999999,
            0.0052187200000000005,
            0.007759296000000002,
            0.03357603400000001,
            0.29572068999999995
        ],
        "TOTAL:": [
            1.73663,
            1.79959,
            1.72648,
            1.72561,
            9.56049,
            91.6917
        ]
    }
}