{
    "n_pows": [
        2,
        3,
        4,
        5,
        6,
        7
    ],
    "token_arrays": {
        "Sorting": [
            0.02826822400000001,
            0.029062559999999994,
            0.14017791399999996,
            0.19878229,
            0.8174012700000001,
            5.5932237
        ],
        "Data-reordering": [
            0.006049504000000002,
            0.006135391999999999,
            0.007845664,
            0.017438051999999992,
            0.12075127599999999,
            1.19427213
        ],
        "Predict": [
            0.0034832960000000007,
            0.0042709440000000005,
            0.0037769280000000014,
            0.009797248,
            0.05228191999999998,
            0.5441506500000001
        ],
        "Direct_gravity": [
            0,
            0,
            0,
            0,
            0,
            0
        ],
        "Tree-construction": [
            0.06850839199999997,
            0.06696687199999997,
            0.07396754200000001,
            0.09526471200000003,
            0.47921552,
            4.361432199999999
        ],
        "setActiveGrpsFunc": [
            0.00011305599999999994,
            0.00011459199999999996,
            0.0003250560000000005,
            0.0001367999999999999,
            0.0001608319999999999,
            0.000341408
        ],
        "Memory": [
            0.0002301759999999998,
            0.00020844799999999986,
            0.00024678399999999984,
            0.000334112,
            0.011147332000000008,
            0.1164820840000002
        ],
        "Grav:": [
            6.334284430000001e-05,
            0.00021279671299999998,
            0.000865653285,
            0.00534086837,
            0.0634074966,
            0.7629998910000001
        ],
        "Build:": [
            0.0019122640300000002,
            0.0019005514399999999,
            0.0039649321299999995,
            0.005481574770000001,
            0.026596596500000003,
            0.19818591700000002
        ],
        "tPredCor:": [
            0.0002990084340000001,
            0.00027337725599999995,
            0.000357479522,
            0.0009727395279999999,
            0.004136199309999999,
            0.0412844192
        ],
        "Correct": [
            0.0050411200000000005,
            0.005638048000000001,
            0.007252255999999999,
            0.022605183999999987,
            0.15843834999999998,
            1.7080640999999996
        ],
        "Energy": [
            0.0046740160000000005,
            0.004101632000000001,
            0.00507664,
            0.015153569999999998,
            0.03134553599999999,
            0.29379126000000005
        ],
        "TOTAL:": [
            1.69318,
            1.65525,
            1.7544,
            1.69517,
            7.72053,
            73.5027
        ]
    }
}