{
    "n_pows": [
        2,
        3,
        4,
        5,
        6,
        7
    ],
    "token_arrays": {
        "Sorting": [
            0.03135670400000001,
            0.032238848,
            0.131094214,
            0.15810140999999994,
            0.7183569600000003,
            5.5101146
        ],
        "Data-reordering": [
            0.00680512,
            0.009027104000000001,
            0.008027071999999998,
            0.015603007999999995,
            0.11395787599999997,
            1.1338704699999997
        ],
        "Predict": [
            0.003970624,
            0.005017600000000003,
            0.004288640000000001,
            0.008002879999999999,
            0.05171120000000001,
            0.53132661
        ],
        "Direct_gravity": [
            0,
            0,
            0,
            0,
            0,
            0
        ],
        "Tree-construction": [
            0.07334605599999999,
            0.081159026,
            0.080416164,
            0.07622466799999997,
            0.45351822999999997,
            4.3497295
        ],
        "setActiveGrpsFunc": [
            0.00029407999999999995,
            0.0001479679999999999,
            0.000148288,
            0.00014332799999999994,
            0.00015884799999999993,
            0.00021324799999999997
        ],
        "Memory": [
            0.0002976320000000001,
            0.00028806400000000004,
            0.00036544000000000035,
            0.00028432,
            0.014449151999999996,
            0.1395555919999999
        ],
        "Grav:": [
            7.20877533e-05,
            0.00020119835200000004,
            0.000828634505,
            0.0043258833499999995,
            0.051549274699999995,
            0.6474768179999999
        ],
        "Build:": [
            0.00209594516,
            0.0023044930499999997,
            0.0039744629,
            0.004320799320000001,
            0.0226453029,
            0.198211472
        ],
        "tPredCor:": [
            0.000330838606,
            0.00037807741900000005,
            0.000413262515,
            0.000670511949,
            0.00404560047,
            0.04151418359999999
        ],
        "Correct": [
            0.005586336000000002,
            0.006027872,
            0.008286112000000002,
            0.021526623999999998,
            0.15654267,
            1.7129020000000004
        ],
        "Energy": [
            0.005339647999999996,
            0.005845312000000002,
            0.005066175999999999,
            0.006510048000000001,
            0.03015907200000001,
            0.2891724199999998
        ],
        "TOTAL:": [
            1.82177,
            1.79478,
            1.62205,
            1.62851,
            6.6745,
            65.7697
        ]
    }
}