{
    "n_pows": [
        2,
        3,
        4,
        5,
        6,
        7
    ],
    "token_arrays": {
        "Sorting": [
            0.029935039999999996,
            0.029033664000000004,
            0.13485655,
            0.23716253000000004,
            0.8278388400000001,
            5.630402699999999
        ],
        "Data-reordering": [
            0.007014976000000003,
            0.007167295999999999,
            0.008582176,
            0.015143295999999999,
            0.12486368600000003,
            1.18410523
        ],
        "Predict": [
            0.004232031999999999,
            0.0032409280000000006,
            0.004650655999999999,
            0.00972624,
            0.052538144000000016,
            0.54304236
        ],
        "Direct_gravity": [
            0,
            0,
            0,
            0,
            0,
            0
        ],
        "Tree-construction": [
            0.068438754,
            0.06699245599999999,
            0.07822009800000003,
            0.081608904,
            0.47538584,
            4.3723339
        ],
        "setActiveGrpsFunc": [
            0.00011558399999999996,
            0.00011900800000000002,
            0.00014851199999999992,
            0.0001409919999999999,
            0.00017212799999999985,
            0.0002634239999999999
        ],
        "Memory": [
            0.0002898560000000001,
            0.00046764800000000074,
            0.00020623999999999976,
            0.00028457599999999987,
            0.014823456000000002,
            0.11316969200000018
        ],
        "Grav:": [
            6.709405180000002e-05,
            0.000193641409,
            0.0016818935799999997,
            0.022474177499999994,
            0.360936957,
            4.700871499999999
        ],
        "Build:": [
            0.0020239706,
            0.00200898015,
            0.0041943345699999995,
            0.00545744835,
            0.026113775300000003,
            0.19953273700000002
        ],
        "tPredCor:": [
            0.00030416945300000005,
            0.00030010371300000005,
            0.00041715653200000006,
            0.0008910821879999999,
            0.004298684600000001,
            0.04138074020000001
        ],
        "Correct": [
            0.005678432000000001,
            0.005283487999999999,
            0.009094819999999998,
            0.027056064000000005,
            0.15778200999999994,
            1.7090986000000008
        ],
        "Energy": [
            0.004580576000000001,
            0.004845696,
            0.006165632,
            0.007604799999999999,
            0.03241366399999999,
            0.29481679
        ],
        "TOTAL:": [
            1.74832,
            1.74888,
            1.75801,
            2.68581,
            26.2274,
            317.317
        ]
    }
}