{
    "n_pows": [
        2,
        3,
        4,
        5,
        6,
        7
    ],
    "token_arrays": {
        "Sorting": [
            0.030128255999999996,
            0.03573164799999999,
            0.120330614,
            0.20746284999999998,
            0.85460899,
            5.618687599999999
        ],
        "Data-reordering": [
            0.007633503999999999,
            0.008056064000000002,
            0.007021120000000002,
            0.017634596000000002,
            0.121207704,
            1.2224485800000002
        ],
        "Predict": [
            0.003711807999999999,
            0.004594784,
            0.003359136,
            0.00926992,
            0.05216582399999999,
            0.5402849900000002
        ],
        "Direct_gravity": [
            0,
            0,
            0,
            0,
            0,
            0
        ],
        "Tree-construction": [
            0.07426565600000001,
            0.08236556999999999,
            0.071566634,
            0.08652324800000001,
            0.48667514,
            4.400311200000002
        ],
        "setActiveGrpsFunc": [
            0.00010595199999999992,
            0.00039542400000000045,
            0.00011555199999999997,
            0.0005058560000000002,
            0.00015299199999999993,
            0.0003363520000000001
        ],
        "Memory": [
            0.00019388799999999983,
            0.0003336000000000002,
            0.00028716799999999976,
            0.0003304320000000002,
            0.01220003200000001,
            0.11160149200000014
        ],
        "Grav:": [
            6.90016545e-05,
            0.00022781156699999998,
            0.0010459606659999998,
            0.00999353209,
            0.1285566541,
            1.5071048399999998
        ],
        "Build:": [
            0.00221002994,
            0.0025674694799999996,
            0.00355286241,
            0.00563470944,
            0.025659430500000004,
            0.199679893
        ],
        "tPredCor:": [
            0.000322158606,
            0.000391375782,
            0.00043132484700000016,
            0.000843204109,
            0.00434922614,
            0.041360601999999996
        ],
        "Correct": [
            0.00533408,
            0.006714272000000001,
            0.007427231999999998,
            0.024569696000000005,
            0.15810971000000004,
            1.7113451999999993
        ],
        "Energy": [
            0.005070624,
            0.005370303999999999,
            0.004792352,
            0.008677888,
            0.034079006,
            0.29909278999999994
        ],
        "TOTAL:": [
            1.73212,
            1.71331,
            1.68537,
            1.96843,
            11.7907,
            120.092
        ]
    }
}