{
    "n_pows": [
        2,
        3,
        4,
        5,
        6,
        7
    ],
    "token_arrays": {
        "Sorting": [
            0.01782032,
            0.018627711999999994,
            0.07843789800000002,
            0.08487027600000001,
            0.27306539000000013,
            1.9220267999999996
        ],
        "Data-reordering": [
            0.004934591999999999,
            0.0033897919999999995,
            0.00352304,
            0.006723427999999998,
            0.057586116000000014,
            0.50521901
        ],
        "Predict": [
            0.0018998080000000002,
            0.0019735360000000006,
            0.001996448,
            0.0035626240000000008,
            0.02211043200000001,
            0.21059861999999996
        ],
        "Direct_gravity": [
            0,
            0,
            0,
            0,
            0,
            0
        ],
        "Tree-construction": [
            0.043125465999999994,
            0.03813110000000001,
            0.041824704000000004,
            0.05124025000000001,
            0.2206277999999999,
            1.868636800000001
        ],
        "setActiveGrpsFunc": [
            7.577599999999999e-05,
            7.843199999999998e-05,
            8.009600000000001e-05,
            8.668799999999997e-05,
            0.00022764799999999992,
            7.996799999999998e-05
        ],
        "Memory": [
            0.00014665599999999992,
            0.0001368639999999998,
            0.00014271999999999985,
            0.00015385599999999985,
            0.007132035999999986,
            0.0711203120000001
        ],
        "Grav:": [
            3.922819049999998e-05,
            0.00017523983499999996,
            0.0007283881869999999,
            0.0018244955300000002,
            0.0201469834,
            0.24999008300000003
        ],
        "Build:": [
            0.00124605591,
            0.001220748884,
            0.0021204995899999995,
            0.0028266775700000004,
            0.009601713360000003,
            0.07648038280000001
        ],
        "tPredCor:": [
            0.00018333291090000004,
            0.0001788313383,
            0.00027483431619999994,
            0.000476104354,
            0.0017944828699999996,
            0.0161696895
        ],
        "Correct": [
            0.0031425279999999995,
            0.002692192,
            0.003094015999999999,
            0.008946240000000005,
            0.0599127,
            0.6677783500000002
        ],
        "Energy": [
            0.0030476159999999987,
            0.002432639999999999,
            0.0031432959999999994,
            0.0035247360000000005,
            0.014555040000000003,
            0.10474322999999999
        ],
        "TOTAL:": [
            2.00228,
            2.00217,
            1.99103,
            1.99547,
            3.53662,
            27.3546
        ]
    }
}