{
    "n_pows": [
        2,
        3,
        4,
        5,
        6,
        7
    ],
    "token_arrays": {
        "Sorting": [
            0.021431492000000007,
            0.022076159999999994,
            0.083430062,
            0.08881795399999999,
            0.27538891,
            1.9482591999999999
        ],
        "Data-reordering": [
            0.003980863999999998,
            0.004422848,
            0.004680768,
            0.0066911399999999965,
            0.05752489000000001,
            0.5050620099999998
        ],
        "Predict": [
            0.0028538559999999992,
            0.0029144640000000003,
            0.0024062079999999995,
            0.005641728,
            0.021386527999999995,
            0.20790351999999998
        ],
        "Direct_gravity": [
            0,
            0,
            0,
            0,
            0,
            0
        ],
        "Tree-construction": [
            0.042906495999999995,
            0.043753845999999964,
            0.04562965799999999,
            0.049820123999999986,
            0.22595387,
            1.8670779000000002
        ],
        "setActiveGrpsFunc": [
            8.265599999999998e-05,
            8.335999999999997e-05,
            7.817599999999999e-05,
            7.862400000000001e-05,
            8.2368e-05,
            7.881600000000003e-05
        ],
        "Memory": [
            0.00015151999999999988,
            0.00014358399999999982,
            0.0001379839999999998,
            0.0001503999999999998,
            0.006967867999999985,
            0.07057127600000011
        ],
        "Grav:": [
            5.651567539999999e-05,
            0.00019112253499999995,
            0.0012022843599999997,
            0.004724629290000001,
            0.066156352,
            0.781906754
        ],
        "Build:": [
            0.0013304358440000001,
            0.0013964521069999996,
            0.00243059552,
            0.00276767898,
            0.010288132660000003,
            0.0770778567
        ],
        "tPredCor:": [
            0.0002155332414,
            0.00025307899480000003,
            0.0003856326840000001,
            0.000739206818,
            0.0019179857299999998,
            0.0161472421
        ],
        "Correct": [
            0.0028075840000000014,
            0.004072256,
            0.005812448000000001,
            0.010439680000000003,
            0.06067439999999997,
            0.6747423900000001
        ],
        "Energy": [
            0.0034182400000000008,
            0.003651359999999999,
            0.003416864000000001,
            0.0059111680000000005,
            0.01658812799999999,
            0.10526322000000002
        ],
        "TOTAL:": [
            1.99905,
            2.00625,
            2.00975,
            1.99399,
            6.38038,
            60.5496
        ]
    }
}