{
    "n_pows": [
        2,
        3,
        4,
        5,
        6,
        7
    ],
    "token_arrays": {
        "Sorting": [
            0.017538848,
            0.017178303999999995,
            0.08769518999999996,
            0.09892340799999999,
            0.27962140999999996,
            1.9456969999999996
        ],
        "Data-reordering": [
            0.003176992000000001,
            0.00317856,
            0.0038711999999999996,
            0.007574529999999998,
            0.062156110000000014,
            0.50546881
        ],
        "Predict": [
            0.0025883200000000007,
            0.0023673280000000006,
            0.0033991679999999997,
            0.004306688000000001,
            0.021764352,
            0.21071101999999994
        ],
        "Direct_gravity": [
            0,
            0,
            0,
            0,
            0,
            0
        ],
        "Tree-construction": [
            0.038206142,
            0.037200830000000004,
            0.04068831800000001,
            0.053210713999999985,
            0.23519707000000004,
            1.8844518000000001
        ],
        "setActiveGrpsFunc": [
            8.489599999999998e-05,
            8.323199999999996e-05,
            7.667199999999999e-05,
            7.782399999999998e-05,
            7.964799999999998e-05,
            8.432e-05
        ],
        "Memory": [
            0.00014256,
            0.0001397119999999998,
            0.00013827199999999983,
            0.0001510719999999999,
            0.006977563999999984,
            0.0709637320000001
        ],
        "Grav:": [
            5.1607107999999984e-05,
            0.000206197727,
            0.0019150046499999997,
            0.0176459548,
            0.29741511100000007,
            4.168964000000001
        ],
        "Build:": [
            0.00112704041,
            0.0011314396850000002,
            0.0023526835399999995,
            0.0029028496400000004,
            0.01023795805,
            0.07707447519999998
        ],
        "tPredCor:": [
            0.0001775932235,
            0.0001826205051,
            0.00049599892,
            0.0006172361820000001,
            0.0019304013599999999,
            0.016634597799999998
        ],
        "Correct": [
            0.0028198399999999997,
            0.002939776,
            0.006279328,
            0.009602719999999997,
            0.06199144999999997,
            0.6802170400000003
        ],
        "Energy": [
            0.002328127999999999,
            0.0023677119999999997,
            0.003957280000000001,
            0.005516927999999999,
            0.016966976,
            0.10563487
        ],
        "TOTAL:": [
            1.98802,
            2.00103,
            1.99387,
            2.36774,
            20.8257,
            270.784
        ]
    }
}