{
    "n_pows": [
        2,
        3,
        4,
        5,
        6,
        7
    ],
    "token_arrays": {
        "Sorting": [
            0.020052800000000003,
            0.021534882,
            0.08570894600000002,
            0.08528546399999994,
            0.2879868700000001,
            1.9212703000000007
        ],
        "Data-reordering": [
            0.005337983999999997,
            0.003667648,
            0.005364415999999999,
            0.008043424,
            0.057901548,
            0.4946654199999999
        ],
        "Predict": [
            0.003500128000000001,
            0.0025487360000000002,
            0.0035403199999999987,
            0.004738624,
            0.0229776,
            0.20705958000000002
        ],
        "Direct_gravity": [
            0,
            0,
            0,
            0,
            0,
            0
        ],
        "Tree-construction": [
            0.04395315199999998,
            0.043505532,
            0.04566208200000001,
            0.051859624000000014,
            0.23222034999999996,
            1.8496839
        ],
        "setActiveGrpsFunc": [
            8.182399999999998e-05,
            8.515199999999997e-05,
            8.4448e-05,
            8.697599999999997e-05,
            7.503999999999999e-05,
            8.7808e-05
        ],
        "Memory": [
            0.00014572799999999994,
            0.00014035199999999973,
            0.0001354559999999999,
            0.0001504639999999998,
            0.007013853999999987,
            0.07070903200000007
        ],
        "Grav:": [
            4.23777005e-05,
            0.000165792719,
            0.0007012912390000001,
            0.00159038991,
            0.017399183500000002,
            0.207755449
        ],
        "Build:": [
            0.001381536004,
            0.0013403426389999994,
            0.0025261968599999997,
            0.00274893404,
            0.010517604249999998,
            0.07558665889999998
        ],
        "tPredCor:": [
            0.00021328901799999998,
            0.00023736738829999995,
            0.00036305425100000005,
            0.00046892123799999994,
            0.00179713288,
            0.015879686100000002
        ],
        "Correct": [
            0.0026558399999999996,
            0.0035821439999999998,
            0.005503199999999999,
            0.009721664000000003,
            0.059453759999999994,
            0.66111911
        ],
        "Energy": [
            0.002893503999999999,
            0.0033502079999999986,
            0.003556768000000001,
            0.004146591999999999,
            0.015447679999999993,
            0.10153312000000003
        ],
        "TOTAL:": [
            1.99513,
            2.00478,
            1.99957,
            1.99965,
            3.36417,
            24.7336
        ]
    }
}