{
    "n_pows": [
        2,
        3,
        4,
        5,
        6,
        7
    ],
    "token_arrays": {
        "Sorting": [
            0.018248895999999994,
            0.017297056,
            0.08428386600000001,
            0.08937125200000004,
            0.27175158000000005,
            1.9432295000000004
        ],
        "Data-reordering": [
            0.0045807040000000005,
            0.003229216,
            0.003437120000000001,
            0.0077046360000000026,
            0.056514848000000006,
            0.5047883299999998
        ],
        "Predict": [
            0.002373920000000001,
            0.002075680000000001,
            0.002957151999999999,
            0.004922304000000002,
            0.022497568000000003,
            0.21437256000000005
        ],
        "Direct_gravity": [
            0,
            0,
            0,
            0,
            0,
            0
        ],
        "Tree-construction": [
            0.038720604000000006,
            0.03822134399999999,
            0.04702227399999999,
            0.04969231599999999,
            0.22347306999999994,
            1.8868784
        ],
        "setActiveGrpsFunc": [
            8.6496e-05,
            0.0001052159999999999,
            8.207999999999997e-05,
            7.968e-05,
            8.217599999999995e-05,
            8.415999999999998e-05
        ],
        "Memory": [
            0.00014863999999999996,
            0.00015372799999999979,
            0.00013228799999999983,
            0.00015145599999999985,
            0.006920609999999981,
            0.07125058800000009
        ],
        "Grav:": [
            4.035878170000001e-05,
            0.000176785722,
            0.0008403089659999998,
            0.00253606092,
            0.029763632699999994,
            0.346648146
        ],
        "Build:": [
            0.0011414284790000001,
            0.0011937695670000005,
            0.0025106147199999997,
            0.00290084367,
            0.009813612090000002,
            0.07712295549999999
        ],
        "tPredCor:": [
            0.0001805338595,
            0.0002038020977,
            0.00040003673140000007,
            0.0005434487319999998,
            0.00190511524,
            0.016529847099999998
        ],
        "Correct": [
            0.002194656,
            0.0031836800000000025,
            0.006070560000000001,
            0.010295616000000002,
            0.061465507999999995,
            0.6778093300000001
        ],
        "Energy": [
            0.002189312,
            0.0027529279999999995,
            0.0034747840000000003,
            0.004416127999999999,
            0.015707168000000004,
            0.10569814000000002
        ],
        "TOTAL:": [
            1.99555,
            1.99349,
            1.99014,
            1.9955,
            4.11432,
            33.6079
        ]
    }
}