{
    "n_pows": [
        2,
        3,
        4,
        5,
        6,
        7
    ],
    "token_arrays": {
        "Sorting": [
            0.019025600000000004,
            0.019437088000000005,
            0.08589948000000001,
            0.09356292600000002,
            0.28329286000000004,
            1.9324598000000002
        ],
        "Data-reordering": [
            0.0036741120000000006,
            0.005046656000000003,
            0.0036896959999999997,
            0.007942976,
            0.05881204399999997,
            0.50713164
        ],
        "Predict": [
            0.0024632639999999997,
            0.0026032639999999997,
            0.0029287679999999996,
            0.0043629440000000005,
            0.022168191999999996,
            0.21110441999999993
        ],
        "Direct_gravity": [
            0,
            0,
            0,
            0,
            0,
            0
        ],
        "Tree-construction": [
            0.042440004,
            0.041495328000000005,
            0.049319964,
            0.05292793200000001,
            0.2246994299999999,
            1.8915101999999997
        ],
        "setActiveGrpsFunc": [
            8.649599999999998e-05,
            7.916799999999998e-05,
            8.032e-05,
            7.798399999999998e-05,
            8.294399999999997e-05,
            7.635199999999999e-05
        ],
        "Memory": [
            0.0001432639999999999,
            0.00014806399999999983,
            0.00029318400000000053,
            0.00015231999999999982,
            0.007047395999999982,
            0.07134952400000008
        ],
        "Grav:": [
            4.1635251099999995e-05,
            0.00019035717699999996,
            0.000990584804,
            0.00360814288,
            0.04270235060000001,
            0.497129013
        ],
        "Build:": [
            0.0012067911870000001,
            0.001280912496,
            0.0025992500400000003,
            0.0025428550999999997,
            0.010297637430000001,
            0.07637491419999999
        ],
        "tPredCor:": [
            0.00023818920889999998,
            0.0002821965332,
            0.0003946785521,
            0.00043213243299999995,
            0.0019425315300000002,
            0.016334313700000002
        ],
        "Correct": [
            0.0029249599999999995,
            0.0041307520000000006,
            0.006043359999999999,
            0.009979872000000002,
            0.06150975999999998,
            0.67839237
        ],
        "Energy": [
            0.0037946560000000013,
            0.0032428479999999996,
            0.003488703999999999,
            0.004213407999999999,
            0.014809344,
            0.10472275999999997
        ],
        "TOTAL:": [
            1.99722,
            2.00403,
            2.00996,
            2.0076,
            4.94365,
            43.0001
        ]
    }
}