{
    "n_pows": [
        2,
        3,
        4,
        5,
        6,
        7
    ],
    "token_arrays": {
        "Sorting": [
            0.018946719999999993,
            0.019427133999999995,
            0.08657500600000001,
            0.08374839799999999,
            0.30894706,
            1.9876731999999997
        ],
        "Data-reordering": [
            0.005926816000000001,
            0.003223296,
            0.003784768,
            0.006715714000000001,
            0.06592484600000001,
            0.51174657
        ],
        "Predict": [
            0.0028122240000000016,
            0.0023238080000000014,
            0.00288432,
            0.005288032000000001,
            0.021744863999999996,
            0.21406537000000003
        ],
        "Direct_gravity": [
            0,
            0,
            0,
            0,
            0,
            0
        ],
        "Tree-construction": [
            0.04131833400000001,
            0.04371846799999999,
            0.041455642000000015,
            0.055178503999999996,
            0.23484593999999995,
            1.9122514000000004
        ],
        "setActiveGrpsFunc": [
            7.9648e-05,
            7.763199999999999e-05,
            8.265599999999995e-05,
            8.230399999999996e-05,
            8.102400000000003e-05,
            7.8464e-05
        ],
        "Memory": [
            0.000139872,
            0.0001397119999999998,
            0.00013302399999999984,
            0.0001591359999999999,
            0.007208859999999981,
            0.07091470400000004
        ],
        "Grav:": [
            4.861569290000001e-05,
            0.00020493126699999998,
            0.001415349719,
            0.008315094300000003,
            0.1237826779,
            1.5819660499999995
        ],
        "Build:": [
            0.0012610499590000003,
            0.0013352452189999999,
            0.0023940554199999996,
            0.0027006357300000004,
            0.011196316250000001,
            0.07885248870000001
        ],
        "tPredCor:": [
            0.00023474930939999995,
            0.00027317568829999996,
            0.0005439284203999999,
            0.000529039947,
            0.0019954498,
            0.016597445200000005
        ],
        "Correct": [
            0.0031987200000000012,
            0.0034109120000000003,
            0.006733696000000002,
            0.010158624000000002,
            0.06224905599999999,
            0.6904277299999999
        ],
        "Energy": [
            0.0034987200000000003,
            0.0032643200000000007,
            0.005221312000000002,
            0.004387456,
            0.016739423999999996,
            0.10739325999999998
        ],
        "TOTAL:": [
            1.98502,
            1.99041,
            1.98459,
            1.99325,
            10.0633,
            110.255
        ]
    }
}